<?xml version="1.0" encoding="UTF-8" standalone="yes"?>
<addon id="plugin.program.ronny" name="Ronny" version="1.2.1" provider-name="Ronny">
	<requires>
		<import addon="xbmc.python" version="2.1.0"/>
	</requires>
	<extension point="xbmc.python.pluginsource" library="default.py">
		<provides>executable</provides>
	</extension>
	<extension point="xbmc.service" library="startup.py" start="startup" />
	<extension point="xbmc.addon.metadata">
		<summary lang="en">wizard</summary>
		<description lang="en">wizard</description>
		<platform>all</platform>
	</extension>
</addon>
